Geological_Feature,Setting,Constraint_Type,Definition,Piles_Assessment,Suction_Caisson_Assessment,GBS_Assessment,Cables_Assessment,Dominant_Constraint,Comments,References
Peat (organic-rich),Sediments,Lithology ,"Superficial deposits. Type of soil formed by the partial decomposition of vegetation matter (Cook et al., 2022). Includes submerged forests. ",Higher Constraint,Higher Constraint,Higher Constraint,Higher Constraint,Organic soils,"Organic soils can also be associated with biogenic gas due to the breakdown of organic matter. Fibrous peats have the ability to reinforce soils, causing issues for cable trenching works, and can also provide fluid migration pathways.","Brown, A., Russell, J., Scaife, R., Tizzard, L., Whittaker, J. and Wyles, S.F., 2018. Lateglacial/early Holocene palaeoenvironments in the southern North Sea Basin: new data from the Dudgeon offshore wind farm. Journal of Quaternary Science, 33(6), pp.597-610.

Eaton, S.J.  (2021) Landscape response to glacial-interglacial cycles: insights from a southern North Sea offshore wind farm dataset. PhD thesis, University of Leeds.

Waller, M. and Kirby, J., 2021. Coastal peat?beds and peatlands of the southern North Sea: their past, present and future. Biological Reviews, 96(2), pp.408-432."
Glauconite,Sediments,Lithology,"Superficial deposits. Glauconite is an iron potassium mica with a characteristically green colour and low strength, often found in peloidal form. Glauconite generally forms under reducing conditions within a shallow marine depositional environment. Glauconite can be characterised as sand-sized grains but transforms into fine-grained soil upon shearing due to particle crushing.",Higher Constraint,Higher Constraint,Higher Constraint,Moderate constraint,Crushable soil,Crushing of glauconite results in high pile friction and transition from sand to clay-like behaviour. May result in pile fatigue or refusal. Difference in properties between allogenic (reworked) vs. authogenic (insitu). Reworked glauconite can wash away weaker minerals. ,"Westgate, Z., McMullin, C. and DeGroot, D., 2022, December. Glauconite Sand Challenges for US Offshore Wind Development. In International Conference on Offshore Mechanics and Arctic Engineering (Vol. 86618, p. V001T02A002). American Society of Mechanical Engineers.

Perikleous, G., Meissl, S., Diaz, A.T., Stergiou, T. and Ridgway-Hill, A., 2023, September. Monopile installation in glauconitic sands. In SUT Offshore Site Investigation and Geotechnics (pp. SUT-OSIG). SUT."
Soft mud,Sediments,Lithology,Superficial deposits. May include marine mud basins including soft glaciolacustrine/glaciomarine (not overconsolidated) mud deposition or other soft muddy shelfful deposits. ,Higher Constraint,Higher Constraint,Higher Constraint,Higher Constraint,Soft sediments,"A hard stratum overlying a weaker one presents a danger that may cause a foundation to punch through the softer sediments. Low strength means soft muds will not bear large loads. Acid sulphate soils (ASS) may contain harmful substances affecting cables, when exposed and/or dredged in coastal areas (Finland).","Coughlan, M., Trafford, A., Corrales, S., Donohue, S., Wheeler, A.J. and Long, M., 2023. Geological and geotechnical characterisation of soft Holocene marine sediments: A case study from the north Irish Sea. Engineering Geology, 313, p.106980.

Prins, L.T., Andresen, K.J., Owen, M.J. and Knutz, P.C., 2022. A review of subsurface geosystems and de-risking offshore construction in the Danish North Sea. GEUS Bulletin, 52."
Soft interbedded sediment,Sediments,Lithology ,Superficial deposits,Moderate constraint,Higher Constraint,Higher Constraint,Moderate constraint,Soft sediments,A hard stratum overlying a weaker one presents a danger that may cause a foundation to punch through the softer sediments. Interbedded layers of soft/hard material can cause differential settlement. ,"Coughlan, M., Trafford, A., Corrales, S., Donohue, S., Wheeler, A.J. and Long, M., 2023. Geological and geotechnical characterisation of soft Holocene marine sediments: A case study from the north Irish Sea. Engineering Geology, 313, p.106980."
Interbedded sediments,Sediments,Lithology,Superficial deposits,Moderate constraint,Higher Constraint,Higher Constraint,Moderate constraint,Interbedded sediments,"The level of Constraint will depend on the thickness, soil type and consistency (strength) of the soil and therefore these 'Constraint' levels are indicative only. 

Interbedded layers of soft/hard material can cause differential settlement. ","Macdonald, C.; Stevens, D.; Arnhardt, R.; Carter, G.D.O.; Johnson, K.R.; Coombs, W.M.; Bird, R.E.; Augarde, C.E.; Brown, M.J.; Sharif, Y.U.. 2025. Regional analysis of layered soils in the shallow subsurface across the North Sea for offshore cable burial. In: 5th International Symposium on Frontiers in Offshore Geotechnics, Nantes, France, 9-13 June 2025. International Society for Soil Mechanics and Geotechnical Engineering. DOI: https://doi.org/10.53243/ISFOG2025-383.

Johnson, K.R.; Carter, G.D.O.; Macdonald, C.. 2024 Layered soils in the shallow subsurface (<6.0 m), North Sea; a data report. Nottingham, UK, British Geological Survey, 40pp. (OR/24/031).

Macdonald, C., Carter, G.D.O., Johnson, K.R., Coombs, W.M., Bird, R.E., Brown, M.J.Z., & Sharif, Y.U. (2023). Depth of Lowering and Layered Soils; a case study from across the North Sea. Proceedings of the 9th International Conference, London UK, ISSN 2754-6322. "
Firm to hard mud,Sediments,Lithology ,Superficial deposits,Moderate constraint,Higher Constraint,Moderate constraint,Moderate constraint,Homogenous sediments,Avoided soils for suction buckets.,"Le, T.M.H., Eiksund, G.R., Strøm, P.J. and Saue, M., 2014. Geological and geotechnical characterisation for offshore wind turbine foundations: A case study of the Sheringham Shoal wind farm. Engineering geology, 177, pp.40-53."
Sand,Sediments,Lithology ,Superficial deposits,Lower Constraint,Moderate constraint,Higher Constraint,Lower Constraint,Homogenous sediments,Present-day sands may be related to mobile sediments. Dense sands could be problematic for suction buckets. Loose sands would be problematic for GBS.,"Harris, J.M., Whitehouse, R.J. and Sutherland, J., 2011, January. Marine scour and offshore wind: lessons learnt and future challenges. In International conference on offshore mechanics and arctic engineering (Vol. 44373, pp. 849-858).
Le Bot, S., Van Lancker, V., Deleu, S., De Batist, M., Henriet, J.P. and Haegeman, W., 2005. Geological characteristics and geotechnical properties of Eocene and Quaternary deposits on the Belgian continental shelf: synthesis in the context of offshore wind farming. Netherlands Journal of Geosciences, 84(2), pp.147-160."
Gravel,Sediments,Lithology ,Superficial deposits,Moderate constraint,Higher Constraint,Higher Constraint,Moderate constraint,Coarse soil units (including gravel),Hard substate that may be difficult to penetrate.,"Van den Eynde, D., Baeye, M. and Van Lancker, V., Effect of wind farms on the siltation of gravel beds (https://www.health.belgium.be/en/eden2000-full-report)"
Diamicton,Sediments,Lithology ,Superficial deposits,Moderate constraint,Higher Constraint,Moderate constraint,Moderate constraint,Overconsolidated clays,"Over consolidated clay or associated presence of boulder fields can cause challenges for construction (e.g., Finland)","Le, T.M.H., Eiksund, G.R., Strøm, P.J. and Saue, M., 2014. Geological and geotechnical characterisation for offshore wind turbine foundations: A case study of the Sheringham Shoal wind farm. Engineering Geology, 177, pp.40-53.

Solhjell, E., Moellenbeck, D., Yang, S. and Lakeman, J.W., 2024, April. Geotechnical Properties of Subglacial Till at Baltic Sea Offshore Wind Farm Sites. In Offshore Technology Conference (p. D021S019R002). OTC.

Evans, D.J., Roberts, D.H. and Phillips, E., 2024. The late Quaternary glacial depositional environment at Filey Bay, eastern England: Accretionary mechanisms for thick sequences of tills and stratified diamictons. Proceedings of the Geologists' Association."
Carbonate sands,Sediments,Lithology,"Calcareous and carbonate soils can be identified by their reaction with dilute hydrochloric acid, producing carbon dioxide that bubbles off. The grains consists partially or completely of calcium carbonate and may be formed of the skeletal remains of microscopic marine plant and animal remains. Calcium carbonate is a relatively soft mineral compared with silica-based soils (Mitchell and Soga, 2005). ",Moderate constraint,Moderate constraint,Moderate constraint,Moderate constraint,Crushable soil,"The crushability of carbonate grains make carbonate sands unreliable foundation materials (Murff, 1987; Jewell and Khorshid 2000; Kolk, 2000). Calcareous sands are difficult to classify and can be highly contractive. ","Watson, P.G., Bransby, M.F., Delimi, Z.L., Erbrich, C.T., Finnie, I., Krisdani, H., Meecham, C., O’Neill, M., Randolph, M.F., Rattley, M. and Silva, M., 2019, November. Foundation design in offshore carbonate sediments-building on knowledge to address future challenges. In XVI Pan-American Conference on Soil Mechanics and Geotechnical Engineering (XVI PCSMGE), From Research to Applied Geotechnics (pp. 240-274)."
Evaporites,Sediments,Lithology ,Any of a variety of individual minerals found in the sedimentary deposit of soluble salts that results from the evaporation of water. Can influence shallow structure (e.g. faulting),Higher Constraint,Higher Constraint,Higher Constraint,Higher Constraint,Uneven ground,Can form doming features in the subsurface or at seabed (diapirs) and prone to moving,"Duffy, O., Hudec, M., Peel, F., Apps, G., Bump, A., Moscardelli, L., Dooley, T., Fernandez, N., Bhattacharya, S., Wisian, K. and Shuster, M., 2023. The role of salt tectonics in the energy transition: An overview and future challenges. Tektonika, 1(1)."
Basin / basin plain / intraslope basin,Physiography,Relief,"A depression more or less equidimensional in plan and of variable extent. (Stagpoole and Mackay, 2022)",Moderate constraint,Higher Constraint,Higher Constraint,Moderate constraint,Soft soil units,Soft sediments likely to be deposited in deep basins ,"https://nora.nerc.ac.uk/id/eprint/514946/1/Seabed_Geomorpholgy_classification_BGS_Open_Report.pdf
Dove et al. (2020) https://zenodo.org/records/4075248
Nanson et al. (2023) - https://zenodo.org/record/7804019#.ZGZl6qXMK3B"
Shelf break,Physiography,Relief,The line along which there is a marked increase in slope at the seaward margin of a SHELF. Also called SHELF BREAK.,Higher Constraint,Higher Constraint,Higher Constraint,Moderate constraint,>5 degree slope,"May require seabed preparation before installation of foundations, however if steep slopes then the site is likely going to be problematic to develop. Cables have ability to ","https://nora.nerc.ac.uk/id/eprint/514946/1/Seabed_Geomorpholgy_classification_BGS_Open_Report.pdf
Dove et al. (2020) https://zenodo.org/records/4075248
Nanson et al. (2023) - https://zenodo.org/record/7804019#.ZGZl6qXMK3B"
Mound,Physiography,Relief,"A distinct elevation with a rounded profile generally less than 500 m above the surrounding relief as measured from the deepest isobath that surrounds most of the feature. Sides are usually steeper than 5 degrees. (Stagpoole and Mackay, 2022)",Moderate constraint,Moderate constraint,Moderate constraint,Moderate constraint,Uneven ground,May require seabed preparation before installation of foundations.,"https://nora.nerc.ac.uk/id/eprint/514946/1/Seabed_Geomorpholgy_classification_BGS_Open_Report.pdf
Dove et al. (2020) https://zenodo.org/records/4075248
Nanson et al. (2023) - https://zenodo.org/record/7804019#.ZGZl6qXMK3B"
Terrace,Physiography,Relief,"A flat or gently sloping region, generally long and narrow, bounded along one edge by a steeper descending slope and along the other by a steeper ascending slope. Usually less than two degrees. (Stagpoole and Mackay, 2022)",Moderate constraint,Moderate constraint,Moderate constraint,Moderate constraint,Uneven ground,May require seabed preparation before installation of foundations. Terraces likely to have steeper slopes than mounds,"https://nora.nerc.ac.uk/id/eprint/514946/1/Seabed_Geomorpholgy_classification_BGS_Open_Report.pdf
Dove et al. (2020) https://zenodo.org/records/4075248
Nanson et al. (2023) - https://zenodo.org/record/7804019#.ZGZl6qXMK3B"
Trough,Physiography,Relief,"A long depression generally wide and flat-bottomed with symmetrical and parallel sides. Sides usually steeper than 5 degrees. (Stagpoole and Mackay, 2022)",Moderate constraint,Moderate constraint,Moderate constraint,Moderate constraint,Uneven ground,"May require seabed preparation before installation of foundations. Sometimes, troughs can be dynamic environments and mobile sediments can be present.","https://nora.nerc.ac.uk/id/eprint/514946/1/Seabed_Geomorpholgy_classification_BGS_Open_Report.pdf
Dove et al. (2020) https://zenodo.org/records/4075248
Nanson et al. (2023) - https://zenodo.org/record/7804019#.ZGZl6qXMK3B"
Ridge,Physiography,Relief,"An elongated elevation of varying Constraint, size and gradient. Variable steepness, but usually has sloping sides greater than 5 degrees. (Stagpoole and Mackay, 2022)",Moderate constraint,Moderate constraint,Moderate constraint,Moderate constraint,Uneven ground,May require seabed preparation before installation of foundations.,"https://nora.nerc.ac.uk/id/eprint/514946/1/Seabed_Geomorpholgy_classification_BGS_Open_Report.pdf
Dove et al. (2020) https://zenodo.org/records/4075248
Nanson et al. (2023) - https://zenodo.org/record/7804019#.ZGZl6qXMK3B"
Moat,Physiography,Relief,"An annular or partially annular bathymetric low typically located at the base of isolated raised features (modified from IHO, 2019).",Moderate constraint,Moderate constraint,Moderate constraint,Moderate constraint,Uneven ground,May require seabed preparation before installation of foundations.,"https://nora.nerc.ac.uk/id/eprint/514946/1/Seabed_Geomorpholgy_classification_BGS_Open_Report.pdf
Dove et al. (2020) https://zenodo.org/records/4075248
Nanson et al. (2023) - https://zenodo.org/record/7804019#.ZGZl6qXMK3B"
Plateau / topographic high,Physiography,Relief,"A generally closed-contoured, relatively flat-topped bathymetric high with one or more relatively steep sides (modified from IHO, 2019).",Moderate constraint,Higher Constraint,Higher Constraint,Moderate constraint,>5 degree slope,May require seabed preparation before installation of foundations.,"https://nora.nerc.ac.uk/id/eprint/514946/1/Seabed_Geomorpholgy_classification_BGS_Open_Report.pdf
Dove et al. (2020) https://zenodo.org/records/4075248
Nanson et al. (2023) - https://zenodo.org/record/7804019#.ZGZl6qXMK3B"
Depression/ hole,Physiography,Relief,"A general term for a closed-contour bathymetric low.
DEPRESSIONS vary in scale from small local features to larger basins. They generally have lower gradient sides than HOLES.",Moderate constraint,Moderate constraint,Moderate constraint,Moderate constraint,Uneven ground,May require seabed preparation before installation of foundations.,"https://nora.nerc.ac.uk/id/eprint/514946/1/Seabed_Geomorpholgy_classification_BGS_Open_Report.pdf
Dove et al. (2020) https://zenodo.org/records/4075248
Nanson et al. (2023) - https://zenodo.org/record/7804019#.ZGZl6qXMK3B"
"Glacifluvial delta
(aka. glacier-fed
delta)",Glacial,"Lithology, relief","There are many different kinds of deltas; all have relatively flat delta plains, frequently triangular (fan) shaped in plan view, and steeper delta front slopes. In cross-section, the archetypal delta consists of flat-lying topset beds over steeper foreset beds, which rest on bottomset beds that are usually thin and fine-grained. The typical GLACIFLUVIAL DELTA usually consists of coarser-grained sediments, and their front slopes are steep with foreset beds generally dipping 10-30° Bell et al. 1997. In: Dowdeswell et al., 2016). GLACIFLUVIAL DELTAS are also referred to as glacier-fed deltas as terrestrial proglacial meltwater streams/rivers carry sediments from a glacier to the marine/lacustrine environment (Benn and Evans, 2010). ",Moderate constraint,Moderate constraint,Higher Constraint,Moderate constraint,Uneven ground / coarse soil units / homogeneous soils,"May require seabed preparation before installation of foundations. Variable soil units provide a challenge for suction caisson, particularly where potential thick gravel beds are interbedded with finer-grained soil units. Thick gravel beds can reduce friction along the outer surface. Potential for coarse gravel beds, and variability in soil profiles over the delta. This makes selecting a cable trenching tool more challenging as some tools can handle dense, coarse soil units whereas some cannot.","Evans, D.J., Roberts, D.H., Bateman, M.D., Clark, C.D., Medialdea, A., Callard, L., Grimoldi, E., Chiverrell, R.C., Ely, J., Dove, D. and Ó Cofaigh, C., 2021. Retreat dynamics of the eastern sector of the British–Irish Ice Sheet during the last glaciation. Journal of Quaternary Science, 36(5), pp.723-751."
"Glacifluvial
outwash plain
(sandur)",Glacial,"Lithology, relief","Laterally extensive flat plain of sand and gravel with braided streams of glacial meltwater flowing across them when active. (Bell et al. 1997. In: Dowdeswell et al., 2016).",Moderate constraint,Moderate constraint,Higher Constraint,Moderate constraint,Uneven ground / coarse soil units / homogeneous soils,"Variable soil units provide a challenge for suction caisson, particularly where potential thick gravel beds are interbedded with finer-grained soil units. Thick gravel beds can reduce friction along the outer surface. Potential for coarse gravel beds, and variability in soil profiles over the Sandur. This makes selecting a cable trenching tool more challenging as some tools can handle dense, coarse soil units whereas some cannot.","Evans, D.J., Roberts, D.H., Bateman, M.D., Clark, C.D., Medialdea, A., Callard, L., Grimoldi, E., Chiverrell, R.C., Ely, J., Dove, D. and Ó Cofaigh, C., 2021. Retreat dynamics of the eastern sector of the British–Irish Ice Sheet during the last glaciation. Journal of Quaternary Science, 36(5), pp.723-751."
"Grounding zone
wedge",Glacial,"Lithology, relief","A sedimentary depocentre formed at the grounding zone of an icesheet/ice-shelf system, formed of dipping diamicton beds overlain by horizontal sheets of diamicton, mainly subglacial till. Till emerging from beneath the glacier along a line-source is redistributed by subaqueous debris flows, producing diamicton beds that dip away from the margin. GZWs are usually asymmetrical in long-profile, steeper in the ice-distal direction (Bell et al. 1997. In: Dowdeswell et al., 2016).",Higher Constraint,Higher Constraint,Higher Constraint,Higher Constraint,Overconsolidated clays / extremely dense sands,"Variable soil conditions which may include heavily overconsolidated subglacial tills. Diamicton can be clast-rich, with cobble to boulder-sized clasts, unfavourable for most/all subsurface structures. May prove problematic for suction caisson where soil heterogeneity is unfavourable. Where present near-surface (e.g., <5 m sediment cover above), may prove problematic for certain cable/pipeline trenching equipment.","Evans, D.J., Phillips, E.R., Hiemstra, J.F., Auton, C.A. 2006. Subglacial till: formation, sedimentary characteristics and classification. Earth-Science Reviews. Vol. 78. p 115-176."
Erratic or glaciotectonic raft,Glacial,"Lithology, relief","Large rock or boulder carried by a glacier or by floating ice and deposited when the ice melted, well away from its place of origin and therefore contrasting with the country rock (Bell et al. 1997. In: Dowdeswell et al., 2016)",Higher Constraint,Higher Constraint,Higher Constraint,Higher Constraint,Rafts or boulders,"If unaccounted for, can provide significant challenge/constraint to most/all subsurface foundations (e.g., pile refusal / tip damage, damage / refusal or uneven emplacement of suction caisson and skirts for gravity base structures, cable/pipeline plough pop-up or deviation, poor penetration for drag embedment anchors). Significant and unexpected vertical and lateral variability in ground conditions incl. geotechnical parameters.","Dove, D., Arosio, R., Finlayson, A., Bradwell, T. and Howe, J.A., 2015. Submarine glacial landforms record Late Pleistocene ice-sheet dynamics, Inner Hebrides, Scotland. Quaternary Science Reviews, 123, pp.76-90."
Hill-hole pair,Glacial,"Lithology, relief","A discrete hill of ice-thrust material, often slightly deformed, situated down glacier from a depression of approximately the same size and shape. Either pre-existing drift or bedrock may be contained in the dislocated hill (Bell et al. 1997. In: Dowdeswell et al., 2016).",Moderate constraint,Moderate constraint,Moderate constraint,Moderate constraint,Uneven ground,"Potential for bedrock, restricting pile driving. Uneven surface with variable slope angles for GBS. Variable, deformed ground conditions unsuitable for suction caisson. Variable slope angles and lateral variability for cable and pipeline trenching, incl. possible encountering bedrock at seabed.","Evans, D.J., Roberts, D.H., Bateman, M.D., Clark, C.D., Medialdea, A., Callard, L., Grimoldi, E., Chiverrell, R.C., Ely, J., Dove, D. and Ó Cofaigh, C., 2021. Retreat dynamics of the eastern sector of the British–Irish Ice Sheet during the last glaciation. Journal of Quaternary Science, 36(5), pp.723-751."
Hummocky terrain (including crevasse squeeze ridges),Glacial,Lithology,"A landscape with a highly irregular surface, characterised by a series of small mounds, ridges and depressions. Associated with glacier/ice sheet grounding zones. ",Moderate constraint,Higher Constraint,Higher Constraint,Moderate constraint,Heterogeneous sediments,,"Evans, D.J., Roberts, D.H., Bateman, M.D., Clark, C.D., Medialdea, A., Callard, L., Grimoldi, E., Chiverrell, R.C., Ely, J., Dove, D. and Ó Cofaigh, C., 2021. Retreat dynamics of the eastern sector of the British–Irish Ice Sheet during the last glaciation. Journal of Quaternary Science, 36(5), pp.723-751."
Ice-contact delta (includes ice proximal fan),Glacial,"Lithology, relief","ICE-CONTACT DELTAS form at glacier margins and develop from e.g. ice proximal grounding line fans or other submerged depositional units (Benn and Evans, 2010).",Moderate constraint,Moderate constraint,Higher Constraint,Moderate constraint,Uneven ground,"May require seabed preparation before installation of foundations. Variable soil units provide a challenge for suction caisson, particularly where potential thick gravel beds are interbedded with finer-grained soil units. Thick gravel beds can reduce friction along the outer surface. Potential for coarse gravel beds, and variability in soil profiles over the delta. This makes selecting a cable trenching tool more challenging as some tools can handle dense, coarse soil units whereas some cannot.","Evans, D.J., Roberts, D.H., Bateman, M.D., Clark, C.D., Medialdea, A., Callard, L., Grimoldi, E., Chiverrell, R.C., Ely, J., Dove, D. and Ó Cofaigh, C., 2021. Retreat dynamics of the eastern sector of the British–Irish Ice Sheet during the last glaciation. Journal of Quaternary Science, 36(5), pp.723-751."
Meltwater channel (includes proglacial meltwater channel),Glacial,"Lithology, relief","A channel produced by the flow of glacial meltwater. Where the channel is subglacial, pressurized water may flow upslope as well as downslope, producing an undulating channel long-profile (Bell et al. 1997. In: Dowdeswell et al., 2016).",Moderate constraint,Higher Constraint,Higher Constraint,Moderate constraint,Heterogeneous sediments,"Channel infill can have very different grain sizes and geotechnical properties to those of the surrounding deposits into which they are cut. Can lead to uneven distribution of loads beneath GBS, lateral variability in geotechnical values across the footprint of a monopile, heterogeneous (and coarse-grained) soils that negatively impact on suction caisson performance, reduced anchor penetration depths, and may require changes in cable & pipeline trenching approaches/tools due to the variability along the planned trenching route (the corridor).

Can be engineered around but must be accounted for in planning foundation design.","Evans, D.J., Roberts, D.H., Bateman, M.D., Clark, C.D., Medialdea, A., Callard, L., Grimoldi, E., Chiverrell, R.C., Ely, J., Dove, D. and Ó Cofaigh, C., 2021. Retreat dynamics of the eastern sector of the British–Irish Ice Sheet during the last glaciation. Journal of Quaternary Science, 36(5), pp.723-751."
Open tunnel valley,Glacial,"Lithology, relief","A large subglacial, steep-sided channel cut into unconsolidated sediment or bedrock by meltwater and  forms a topographic expression on the seabed. The channel may have a reverse gradient in places (Bell et al. 1997. In: Dowdeswell et al., 2016).",Higher Constraint,Higher Constraint,Higher Constraint,Higher Constraint,Steep slopes,"Outer silver Pit, Well Hole, Markham's Hole, Sole Pit and Silver Pit in the offshore UK sector are examples of this - steep and possibly unstable sides and deep(er) water.","Briggs, K., Thomson, K., Gaffney, V., Gaffney, V.L. and Fitch, S., 2007. A geomorphological investigation of submerged depositional features within the Outer Silver Pit, southern North Sea. Mapping Doggerland: the Mesolithic landscapes of the southern North Sea. Archaeopress (Oxford).

Ward, I. and Larcombe, P., 2008. Determining the preservation rating of submerged archaeology in the post-glacial southern North Sea: a first-order geomorphological approach. Environmental Archaeology, 13(1), pp.59-83.

Cohen, K.M., Westley, K., Erkens, G., Hijma, M.P. and Weerts, H.J., 2017. The North Sea. Submerged landscapes of the European continental shelf: Quaternary paleoenvironments, pp.147-186."
Buried tunnel valley,Glacial,"Lithology, relief","A large subglacial, steep-sided channel cut into unconsolidated sediment or bedrock by meltwater. The channel may have a reverse gradient in places (Bell et al. 1997. In: Dowdeswell et al., 2016).
",Moderate constraint,Higher Constraint,Higher Constraint,Moderate constraint,Heterogeneous sediments,"Channel infill can have very different grain sizes and geotechnical properties to those of the surrounding deposits into which they are cut. Can lead to uneven distribution of loads beneath GBS, lateral variability in geotechnical values across the footprint of a monopile, heterogeneous (and coarse-grained) soils that negatively impact on suction caisson performance, reduced anchor penetration depths, and may require changes in cable & pipeline trenching approaches/tools due to the variability along the planned trenching route (the corridor).

Can be engineered around but must be accounted for in planning foundation design.","Huuse, M. and Kristensen, T.B., 2016. Pleistocene tunnel valleys in the North Sea Basin. Geological Society, London, Memoirs, 46(1), pp.207-208.

Stewart, M.A., Lonergan, L. and Hampson, G., 2013. 3D seismic analysis of buried tunnel valleys in the central North Sea: morphology, cross-cutting generations and glacial history. Quaternary Science Reviews, 72, pp.1-17.

Stewart, M.A. and Lonergan, L., 2011. Seven glacial cycles in the middle-late Pleistocene of northwest Europe: Geomorphic evidence from buried tunnel valleys. Geology, 39(3), pp.283-286."
Moraine,Glacial,"Lithology, relief","A mound, ridge or other distinct accumulation of generally unsorted, unstratified glaciogenic sediment, predominantly till, deposited chiefly by direct contact with glacier ice, commonly subglacial. See De Geer moraine, end moraine, fluted moraine, interlobate moraine, kame moraine, lateral moraine (Bell et al. 1997. In: Dowdeswell et al., 2016).",Moderate constraint,Higher Constraint,Higher Constraint,Moderate constraint,">5 degree slope, heterogeneous/ overconsolidated sediments",Potential for highly variable ground conditions and overconsolidation. Potential for obstructions such as cobble beds and boulders.,"Evans, D.J., Roberts, D.H. and Phillips, E., 2024. The late Quaternary glacial depositional environment at Filey Bay, eastern England: Accretionary mechanisms for thick sequences of tills and stratified diamictons. Proceedings of the Geologists' Association.

Cotterill, C.J., Phillips, E., James, L., Forsberg, C.F., Tjelta, T.I., Carter, G. and Dove, D., 2017. The evolution of the Dogger Bank, North Sea: A complex history of terrestrial, glacial and marine environmental change. Quaternary Science Reviews, 171, pp.136-153.

Phillips, E., Cotterill, C., Johnson, K., Crombie, K., James, L., Carr, S. and Ruiter, A., 2018. Large-scale glacitectonic deformation in response to active ice sheet retreat across Dogger Bank (southern central North Sea) during the Last Glacial Maximum. Quaternary Science Reviews, 179, pp.24-47.

Phillips E., Johnson, K., Ellen, R., Plenderleith, G., Dove, D., Carter, G., Dakin, N., Cotterill, C. 2022. Glacitectonic evidence of ice sheet interaction and retreat across the western part of Dogger Bank (North Sea) during the Last Glaciation. Proceedings of the Geologists' Association 133, 87–111."
Kettle hole,Glacial,"Lithology, relief","Steep-sided hollow produced by the melt-out of an original deposit which also contained finer materials that were removed by wind or water action (Bell et al. 1997. In: Dowdeswell et al., 2016).",Moderate constraint,Moderate constraint,Higher Constraint,Moderate constraint,Uneven ground,May be infilled with soils of varying geotechnical properties compared with the surrounding units into which they are emplaced. Can also contain peat so potential for shallow gas. Can be engineered around but must be accounted for in planning foundation design.,"Dove, D., Arosio, R., Finlayson, A., Bradwell, T. and Howe, J.A., 2015. Submarine glacial landforms record Late Pleistocene ice-sheet dynamics, Inner Hebrides, Scotland. Quaternary Science Reviews, 123, pp.76-90."
Streamlined landform (Crag and tail /drumlin / flute / groove),Glacial,"Lithology, relief","Streamlined landforms have been sculpted and moulded by glacier ice, moving in a coherent direction. These landforms can consist of bedrock, unconsolidated sediments or both. They are formed parallel to the ice flow direction and are considered good palaeo-flow indicators. Elongation is considered to be positively correlated with higher ice flow velocities (Stokes and Clark, 1999, 2002; Krabbendam et al., 2016)",Moderate constraint,Higher Constraint,Higher Constraint,Moderate constraint,Variable geotechnical properties depending on formation,"Similar to moraines, there is a potential for vertical and lateral variability across and beneath these landforms. As they have experienced ice loading, they may consist of overconsolidated soil units and may contain cobble to boulder sized clasts. Drumlins can be comprised of sediment or bedrock and would require to be assessed individually.  ","Krabbendam, M., Eyles, N., Putkinen, N., Bradwell, T. and Arbelaez-Moreno, L., 2016. Streamlined hard beds formed by palaeo-ice streams: A review. Sedimentary Geology, 338, pp.24-50.

Dove, D., Evans, D.J., Lee, J.R., Roberts, D.H., Tappin, D.R., Mellett, C.L., Long, D. and Callard, S.L., 2017. Phased occupation and retreat of the last British–Irish Ice Sheet in the southern North Sea; geomorphic and seismostratigraphic evidence of a dynamic ice lobe. Quaternary Science Reviews, 163, pp.114-134."
Esker,Glacial,"Lithology, relief","Sinuous elongate ridges of glaciofluvial sands and gravels, usually stratified and imbricated. Rarely exceed 700 m width and 50 m height. Form by depositional from meltwater streams in tunnel systems running perpendicular to the ice front. ",Moderate constraint,Higher Constraint,Higher Constraint,Moderate constraint,Heterogeneous sediments,"Typically comprise sand and gravel deposited by meltwater within or beneath an ice mass. Can be dense. Eskers are also possible resources for aggregates (e.g., Finland).","Dove, D., Arosio, R., Finlayson, A., Bradwell, T. and Howe, J.A., 2015. Submarine glacial landforms record Late Pleistocene ice-sheet dynamics, Inner Hebrides, Scotland. Quaternary Science Reviews, 123, pp.76-90."
Glaciolacustrine ,Glacial,Lithology,"Stratified sediments that display rhythmic or cyclic repetition of beds that form in subaqueous settings such as lakes and oceans, but also in  glaciofluvial systems (Giles et al. 2017)",Moderate constraint,Moderate constraint,Higher Constraint,Moderate constraint,Soft sediments," Ice-dammed lakes typically form massive deposits of soft clay. 

A hard stratum overlying a weaker one presents a danger that may cause a foundation to punch through the softer sediments.","Emery, A.R., Hodgson, D.M., Barlow, N.L., Carrivick, J.L., Cotterill, C.J., Richardson, J.C., Ivanovic, R.F. and Mellett, C.L., 2020. Ice sheet and palaeoclimate controls on drainage network evolution: an example from Dogger Bank, North Sea. Earth Surface Dynamics, 8(4), pp.869-891.

Prins, L.T., Andresen, K.J., Owen, M.J. and Knutz, P.C., 2022. A review of subsurface geosystems and de-risking offshore construction in the Danish North Sea. GEUS Bulletin, 52."
Iceberg ploughmark (field),Glacial,Lithology,"Groove or furrow caused by the impact and movement of grounded icebergs along the sea or lake floor (Bell et al. 2016 In: Dowdeswell et al., 2016).",Lower Constraint,Lower Constraint,Higher Constraint,Lower Constraint,Uneven ground,May require seabed preparation before installation of foundations.,"Evans, D.J., Roberts, D.H., Bateman, M.D., Clark, C.D., Medialdea, A., Callard, L., Grimoldi, E., Chiverrell, R.C., Ely, J., Dove, D. and Ó Cofaigh, C., 2021. Retreat dynamics of the eastern sector of the British–Irish Ice Sheet during the last glaciation. Journal of Quaternary Science, 36(5), pp.723-751."
U-shaped valley (e.g. Fjord),Glacial,Relief,"A valley having a pronounced parabolic cross-profile suggesting the form of a broad letter ‘U’ with steep parallel walls and a broad, nearly flat floor; specifically a valley carved by glacial erosion, such as a glacial trough or fjord (Bell et al. 1997. In: Dowdeswell et al., 2016).",Higher Constraint,Higher Constraint,Higher Constraint,Higher Constraint,>5 degree slope,"Can be prone to avalanches, ice, natural hazards and vulnerable to inclement weather that can take down transmission lines (Barajas, 2019).","Stoker, M.S., Bradwell, T., Howe, J.A., Wilkinson, I.P. and McIntyre, K., 2009. Lateglacial ice-cap dynamics in NW Scotland: evidence from the fjords of the Summer Isles region. Quaternary Science Reviews, 28(27-28), pp.3161-3184.

Barajas, R.S.B., Multi-criteria wind energy siting assessment: a case study in the West Fjords (Doctoral dissertation)."
Coarse lag deposits,Marine,Lithology,"Typically coarse-grained material (dominated by gravel with boulders) derived from Pleistocene glacial sediments that have been modified during the Holocene by winnowing, seafloor polishing and transport of the finer fraction to be redeposited elsewhere. Also can occur as near shore heterogeneous deposits associated with transgressive system tracts in non- glacial environments.",Moderate constraint,Moderate constraint,Higher Constraint,Lower Constraint,Coarse soil units (including gravel),Potential for highly variable ground conditions and overconsolidation. Potential for obstructions such as cobble beds and boulders. Hard substate that may be difficult to penetrate. May require seabed preparation.,"Mellett, C.L., Long, D. and Carter, G., 2015. Geology of the seabed and shallow subsurface: The Irish Sea.

Coughlan, M., Long, M. and Doherty, P., 2020. Geological and geotechnical constraints in the Irish Sea for offshore renewable energy. Journal of Maps, 16(2), pp.420-431."
Marine bar form (Contourite drift/ sediment apron/ sediment drift/ sediment lobe/energetic wave or current regime),Marine,"Lithology, relief","Tend to be larger than CURRENT-INDUCED BEDFORMS (e.g. Venditti, 2013), are often forced by macro-scale topography (e.g. channels – point bar; headlands - banner), and develop over longer periods of time (e.g. Dury, 1970).",Higher Constraint,Higher Constraint,Higher Constraint,Higher Constraint,Active sedimentary system,"Indicative of mobile sediments. Mobility may remove sediment from around the foundation and buried skirt, anchor, or conversely may increase lateral loading on side of foundation. Mobility may remove sediment overlying the buried cable which will leave it at risk from anchor interactions, and conversely may increase the sediment volume overlying the buried cable which can result in the cable exceeding the thermal threshold and hotspots developing.","Ward, I. and Larcombe, P., 2008. Determining the preservation rating of submerged archaeology in the post-glacial southern North Sea: a first-order geomorphological approach. Environmental Archaeology, 13(1), pp.59-83.

https://nora.nerc.ac.uk/id/eprint/514946/1/Seabed_Geomorpholgy_classification_BGS_Open_Report.pdf

Dove et al. (2020) https://zenodo.org/records/4075248

Nanson et al. (2023) - https://zenodo.org/record/7804019#.ZGZl6qXMK3B"
Sediment bank/Bank crest,Marine,Relief,Formed by interactions between current instabilities (commonly generating cyclonic flows) and unconsolidated sediment at the seabed. SEDIMENT BANKS are the largest Current-induced BEDFORMS within the Submarine Setting and require sufficiently rapid current flows and high rates of sediment supply.,Moderate constraint,Higher Constraint,Higher Constraint,Higher Constraint,Uneven ground,Flat-topped stable banks can be developed - however margins of banks may have steep slopes,"https://nora.nerc.ac.uk/id/eprint/514946/1/Seabed_Geomorpholgy_classification_BGS_Open_Report.pdf

Dove et al. (2020) https://zenodo.org/records/4075248

Nanson et al. (2023) - https://zenodo.org/record/7804019#.ZGZl6qXMK3B"
Sediment waves/dunes,Marine,Lithology,"Sediment waves/dunes have a broad range of morphologies and represent transverse bedforms larger than ripples (wavelength 0.6–10 m, height 0.1–1 m).",Moderate constraint,Moderate constraint,Higher Constraint,Higher Constraint,Active sedimentary system,"May require scour mitigation measures if mobile sediments. Mobility may remove sediment overlying the buried cable which will leave it at risk from anchor interactions, and conversely may increase the sediment volume overlying the buried cable which can result in the cable exceeding the thermal threshold and hotspots developing. Requires monitoring to ensure burial depth/ exposure is considered. ","https://nora.nerc.ac.uk/id/eprint/514946/1/Seabed_Geomorpholgy_classification_BGS_Open_Report.pdf

Dove et al. (2020) https://zenodo.org/records/4075248

Nanson et al. (2023) - https://zenodo.org/record/7804019#.ZGZl6qXMK3B"
Submarine canyon (canyon/ canyon head / canyon mouth / tributary canyon),Marine,"Lithology, relief","Steep-sided, GENERALLY V-shaped valleys with heads at or near the CONTINENTAL SHELF edge. They extend across the CONTINENTALSLOPE and are commonly linked to numerous tributaries, similar to unglaciated river-cut canyons on land (Amblas et al., 2018; Covault,2011; Harris and Baker, 2011; Huang et al., 2014; Pratson et al., 2007; Puig et al., 2014).",Higher Constraint,Higher Constraint,Higher Constraint,Higher Constraint,Active sedimentary system,"Typically extremely dynamic environments incl. sediment gravity flows / landslides, internal tides with high current velocities, mobile bedforms. Bedrock is often exposed along steep canyon flanks and terraces, also leading to very variable ground conditions. High water depths make submarine canyons unsuitable for all fixed foundations, and very unfavourable for anchoring systems. May be used for cables and pipelines but comprehensive due diligence / hazard assessments must be undertaken.","https://nora.nerc.ac.uk/id/eprint/514946/1/Seabed_Geomorpholgy_classification_BGS_Open_Report.pdf

Dove et al. (2020) https://zenodo.org/records/4075248

Nanson et al. (2023) - https://zenodo.org/record/7804019#.ZGZl6qXMK3B"
Submarine channel,Marine,"Lithology, relief","Formed by sediment-laden turbidity currents and other sediment-rich gravity currents (Klaucke and Hesse, 1996; Peakall et al., 2000; Peakall and Sumner, 2015) or by fluvial incision during low-stands and buried during sea level rise..",Higher Constraint,Higher Constraint,Higher Constraint,Higher Constraint,Active sedimentary system,"Highly dynamic setting with mass flows that can damage / sever subsea cables and pipelines. Typically found along steep slopes (e.g., continental margins) and therefore not suitable for any foundation type. Typically found in deeper water environments, and therefore less favourable for fixed foundations.","https://nora.nerc.ac.uk/id/eprint/514946/1/Seabed_Geomorpholgy_classification_BGS_Open_Report.pdf

Dove et al. (2020) https://zenodo.org/records/4075248

Nanson et al. (2023) - https://zenodo.org/record/7804019#.ZGZl6qXMK3B"
Submarine fan,Marine,"Lithology, relief","Develop on the CONTINENTAL SLOPE, RISE and ABYSSAL PLAIN, normally at the mouths of SUBMARINE CANYONS. They are constructed principally from the deposits of sediment gravity flows (mainly turbidity currents and debris flows) as terrigenous and shallow marine sediment is redistributed into deeper water (Clark et al., 1992; Covault, 2011; Deptuck and Sylvester, 2018; Shanmugam, 2016).",Higher Constraint,Higher Constraint,Higher Constraint,Higher Constraint,Active sedimentary system,"Highly dynamic setting with mass flows that can damage / sever subsea cables and pipelines. Typically found along continental margins down to abyssal plains and therefore not suitable for any foundation type. Typically found in deeper water environments, and therefore unsuitable for fixed foundations and very unfavourable for anchors.","https://nora.nerc.ac.uk/id/eprint/514946/1/Seabed_Geomorpholgy_classification_BGS_Open_Report.pdf

Dove et al. (2020) https://zenodo.org/records/4075248

Nanson et al. (2023) - https://zenodo.org/record/7804019#.ZGZl6qXMK3B"
Submarine or submerged delta - active,Marine,"Lithology, relief","Submarine tidal deltas, develop from the nearshore to the shelf break or submerged coastal riverine/estuarine deltas and pro-deltas deposits",Higher Constraint,Higher Constraint,Higher Constraint,Higher Constraint,Active sedimentary system,Active sedimentary system ,"https://nora.nerc.ac.uk/id/eprint/514946/1/Seabed_Geomorpholgy_classification_BGS_Open_Report.pdf

Dove et al. (2020) https://zenodo.org/records/4075248

Nanson et al. (2023) - https://zenodo.org/record/7804019#.ZGZl6qXMK3B"
Submarine or submerged delta - inactive,Marine,"Lithology, relief","Submarine tidal deltas, develop from the nearshore to the shelf break or submerged coastal riverine/estuarine deltas and pro-deltas deposits",Moderate constraint,Higher Constraint,Higher Constraint,Higher Constraint,Heterogeneous sediments,"Inactive, buried system may have heterogeneous sediments","https://nora.nerc.ac.uk/id/eprint/514946/1/Seabed_Geomorpholgy_classification_BGS_Open_Report.pdf

Dove et al. (2020) https://zenodo.org/records/4075248

Nanson et al. (2023) - https://zenodo.org/record/7804019#.ZGZl6qXMK3B"
Submarine gully,Marine,"Lithology, relief","Small-scale (<10 km) confined channels, generally on the order of tens of meters deep and often linear in planform. SUBMARINE GULLIES are commonly found within or alongside SUBMARINE CANYONS on the continental slope and may represent an incipient stage of canyon development (Amblas et al., 2018; Gales et al., 2013; Izumi, 2004; Micallef and Mountjoy, 2011; Pratson et al., 2007)",Higher Constraint,Higher Constraint,Higher Constraint,Higher Constraint,Active sedimentary system,"Highly dynamic setting with mass flows that can damage / sever subsea cables and pipelines. Typically found along continental margins down to abyssal plains and therefore not suitable for any foundation type. Typically found in deeper water environments, and therefore unsuitable for fixed foundations and very unfavourable for anchors.","https://nora.nerc.ac.uk/id/eprint/514946/1/Seabed_Geomorpholgy_classification_BGS_Open_Report.pdf

Dove et al. (2020) https://zenodo.org/records/4075248

Nanson et al. (2023) - https://zenodo.org/record/7804019#.ZGZl6qXMK3B"
Alluvial fan,Fluvial,"Lithology, relief","Usually cone-shaped forms with surface slopes radiating away from an apex located at the point where the feeder SUBAERIAL CHANNEL splits to form DISTRIBUTARY CHANNELS. Their fan-like geometry can be modified by the confinement of neighbouring fans or valley walls (modified from Goudie, 2006).",Higher Constraint,Higher Constraint,Higher Constraint,Higher Constraint,Active sedimentary system,"Exposure of fresh sediment in the alluvial fan at the confluence of the main river and its steep tributary provided an ongoing source of sediment that could be mobilised into the river system in any subsequent rainfall event (Reynolds et al., 2018)","Reynolds, J.M., Fernandes, A.B. and Catt, L.M., 2018. The role of georisk management in Marine Renewable Energy Projects. In Proceedings of the Asian Wave and Tidal Energy Conference (AWTEC).

Dove et al. (2020) https://zenodo.org/records/4075248

Nanson et al. (2023) - https://zenodo.org/record/7804019#.ZGZl6qXMK3B"
Buried/submerged river valley / channel,Fluvial,"Lithology, relief","Form via combinations of fluvial and coastal processes (see Additional Attributes: Marginal marine process classification); they widen by lateral SUBAERIAL CHANNEL erosion and weathering, and lengthen by both headward erosion and progradation in their lower reaches. SUBAERIAL VALLEYS can form networks with a variety of drainage patterns",Moderate constraint,Moderate constraint,Higher Constraint,Moderate constraint,Heterogeneous sediments,,"Busschers, F.S., Cohen, K.M., Wesselingh, F.P., Bakker, M., Schokker, J., van Balen, R.T. and van Heteren, S., 2025. 10 Quaternary. In Geology of the Netherlands (pp. 333-391). Amsterdam University Press."
Open river valley / channel,Fluvial,"Lithology, relief","Form via combinations of fluvial and coastal processes (see Additional Attributes: Marginal marine process classification); they widen by lateral SUBAERIAL CHANNEL erosion and weathering, and lengthen by both headward erosion and progradation in their lower reaches. SUBAERIAL VALLEYS can form networks with a variety of drainage patterns",Higher Constraint,Higher Constraint,Higher Constraint,Higher Constraint,Active sedimentary system,Active sedimentary system ,"https://nora.nerc.ac.uk/id/eprint/514946/1/Seabed_Geomorpholgy_classification_BGS_Open_Report.pdf

Dove et al. (2020) https://zenodo.org/records/4075248

Nanson et al. (2023) - https://zenodo.org/record/7804019#.ZGZl6qXMK3B"
Beach,Coastal,"Lithology, relief","A wave-deposited body of sand or gravel formed along open coast (marine), estuarine and lacustrine shorelines (beach face, shoreface, sandy shoal etc.)",Moderate constraint,Higher Constraint,Higher Constraint,Moderate constraint,Shallow water depth (<15-20 m),Exposure or displacement of near shore cables may result from coastal processes; increasing risk to cables from external threats. Cables can be protected via Horizontal drilling (HDD). ,"Dove et al. (2020) https://zenodo.org/records/4075248

Nanson et al. (2023) - https://zenodo.org/record/7804019#.ZGZl6qXMK3B

Development and demonstration of Systems Based Estuary Simulators (EstSim) Project FD2117/PR2"
Estuary,Coastal,"Lithology, relief","Estuaries are classified into the following estuarine behavioural types: Generic fjord (fjord, fjord, ria), spit-enclosed drowned river valley, funnel-shaped river valley, embayment and tidal inlet (EstSim R&D project Record FD2117/PR2)",Moderate constraint,Higher Constraint,Higher Constraint,Moderate constraint,Shallow water depth (<15-20 m),"A hard stratum overlying a weaker one presents a danger that may cause a foundation to punch through the softer sediments.  

Exposure or displacement of near shore cables may result from coastal processes; increasing risk to cables from external threats. Cables can be protected via Horizontal drilling (HDD). ","Dove et al. (2020) https://zenodo.org/records/4075248

Nanson et al. (2023) - https://zenodo.org/record/7804019#.ZGZl6qXMK3B

Development and demonstration of Systems Based Estuary Simulators (EstSim) Project FD2117/PR2"
Coastal bar form,Coastal,Lithology,"Any type of BARFORM formed in a Coastal Setting (e.g., nearshore bar, berm, shoreface terrace, beach cusp etc)",Moderate constraint,Higher Constraint,Higher Constraint,Moderate constraint,Active sedimentary system,Exposure or displacement of near shore cables may result from coastal processes; increasing risk to cables from external threats. Cables can be protected via Horizontal drilling (HDD). ,"Dove et al. (2020) https://zenodo.org/records/4075248

Nanson et al. (2023) - https://zenodo.org/record/7804019#.ZGZl6qXMK3B

Development and demonstration of Systems Based Estuary Simulators (EstSim) Project FD2117/PR2"
Delta,Coastal,Lithology,"A discrete shoreline sedimentary protuberance formed where a river enters a body of water and supplies sediment more rapidly than it can be redistributed by basial processes (modified from: Elliott, 1986).",Moderate constraint,Moderate constraint,Higher Constraint,Higher Constraint,Heterogeneous sediments,Exposure or displacement of near shore cables may result from coastal processes; increasing risk to cables from external threats. Cables can be protected via Horizontal drilling (HDD). ,"Dove et al. (2020) https://zenodo.org/records/4075248

Nanson et al. (2023) - https://zenodo.org/record/7804019#.ZGZl6qXMK3B

Development and demonstration of Systems Based Estuary Simulators (EstSim) Project FD2117/PR2"
Barrier,Coastal,Lithology,"Elongate accumulations of sand or coarser sediment primarily deposited by waves and longshore currents, rising above the present sea level, often impounding terrestrial drainage or blocking off a LAGOON in the BACKBARRIER (modified from Griffin et al., 2012; Woodroffe, 2002). Can be sub-classified using their number of attachment points to the mainland (cf. SALIENT/TOMBOLO; BAY-MOUTH; SPIT).",Moderate constraint,Higher Constraint,Higher Constraint,Moderate constraint,Shallow water depth (<15-20 m),Exposure or displacement of near shore cables may result from coastal processes; increasing risk to cables from external threats. Cables can be protected via Horizontal drilling (HDD). ,"Dove et al. (2020) https://zenodo.org/records/4075248

Nanson et al. (2023) - https://zenodo.org/record/7804019#.ZGZl6qXMK3B

Development and demonstration of Systems Based Estuary Simulators (EstSim) Project FD2117/PR2"
Back barrier (flats and lagoons),Coastal,Lithology,"A relatively protected area between the BARRIER and the mainland, which may be occupied by FLATS or a LAGOON.",Moderate constraint,Higher Constraint,Higher Constraint,Moderate constraint,Shallow water depth (<15-20 m),"A hard stratum overlying a weaker one presents a danger that may cause a foundation to punch through the softer sediments.

Exposure of near shore cables may result from coastal processes; increasing risk to cables from external threats. Cables can be protected via Horizontal drilling (HDD). ","Beets, D.J. and van der Spek, A.J., 2000. The Holocene evolution of the barrier and the back-barrier basins of Belgium and the Netherlands as a function of late Weichselian morphology, relative sea-level rise and sediment supply.

Netherlands Journal of Geosciences, 79(1), pp.3-16.Dove et al. (2020) https://zenodo.org/records/4075248

Nanson et al. (2023) - https://zenodo.org/record/7804019#.ZGZl6qXMK3B

Development and demonstration of Systems Based Estuary Simulators (EstSim) Project FD2117/PR2"
Tidal flat,Coastal,Lithology,"Low gradient intertidal to supratidal surfaces formed in fine-grained sediment (Woodroffe, 2002).",Moderate constraint,Higher Constraint,Higher Constraint,Moderate constraint,Shallow water depth (<15-20 m),"A hard stratum overlying a weaker one presents a danger that may cause a foundation to punch through the softer sediments. 

Exposure of near shore cables may result from coastal processes; increasing risk to cables from external threats. Cables can be protected via Horizontal drilling (HDD). ","Dove et al. (2020) https://zenodo.org/records/4075248

Nanson et al. (2023) - https://zenodo.org/record/7804019#.ZGZl6qXMK3B

Development and demonstration of Systems Based Estuary Simulators (EstSim) Project FD2117/PR2"
Rocky coast,Coastal,Lithology,Any length of coast that is predominantly characterised by rock (rather than sediment or vegetation),Higher Constraint,Higher Constraint,Higher Constraint,Moderate constraint,Shallow water depth (<15-20 m),"Boulders can occur occasionally, especially in the areas of Rapakivi granite bedrock, and De Geer moraine fields (e.g., Finland). 

Exposure of near shore cables may result from coastal processes; increasing risk to cables from external threats. Cables can be protected via Horizontal drilling (HDD). ","Dove et al. (2020) https://zenodo.org/records/4075248

Nanson et al. (2023) - https://zenodo.org/record/7804019#.ZGZl6qXMK3B

Development and demonstration of Systems Based Estuary Simulators (EstSim) Project FD2117/PR2"
Buried or exposed eustatic escarpment (excessive seabed gradient),Solid Earth,Relief,Escarpments formed by sea level stand stills that can be totally or partially covered by transgressive sediment tracts. Vary in length from few km to various tens of kms.,Moderate constraint,Moderate constraint,Higher Constraint,Moderate constraint,Uneven ground,Development implications will depend on the gradient of the seabed slope. ,"Micallef, A., Foglini, F., Le Bas, T., Angeletti, L., Maselli, V., Pasuto, A. and Taviani, M., 2013. The submerged paleolandscape of the Maltese Islands: Morphology, evolution and relation to Quaternary environmental change. Marine Geology, 335, pp.129-147."
Bedrock outcrop/subcrop (undifferentiated),Solid Earth,Lithology,A relief formed by bedrock of unspecified lithology and genesis cropping out of the surrounding seabed. Subcropping of bedrock can be common and covered by thin sediment covers in sediment starved shelves.,Higher Constraint,Higher Constraint,Lower Constraint,Higher Constraint,Strong bedrock - undifferentiated,"Depending on the lithology and strength of the bedrock, pile driving may be successful however that would require significant weathering of rockhead to reduce the bedrock to strengths comparable with unlithified deposits (e.g., stiff clay characteristics). 

Cables must be surface-laid, increasing exposure to environmental and anthropogenic hazards. Sensitive benthic communities must be protected. ","Berry, T.W., Fish, P.R., Price, S.J. and Hadlow, N.W., 2020. Chapter 10 Periglacial geohazards in the UK. Geological Society, London, Engineering Geology Special Publications, 29(1), pp.259-289.
Schläppy, M.L., Šaškov, A. and Dahlgren, T.G., 2014. Impact hypothesis for offshore wind farms: explanatory models for species distribution at extremely exposed rocky areas. Continental Shelf Research, 83, pp.14-23.
Petrie, H.E., Eide, C.H., Haflidason, H. and Watton, T., 2022. A conceptual geological model for offshore wind sites in former ice stream settings: the Utsira Nord site, North Sea. Journal of the Geological Society, 179(5), pp.jgs2021-163."
Bedrock outcrop/subcrop; carbonate,Solid Earth,Lithology,A relief formed by bedrock of unspecified lithology and genesis cropping out of the surrounding seabed. Subcropping of bedrock can be common and covered by thin sediment covers in sediment starved shelves.,Higher Constraint,Higher Constraint,Moderate constraint,Moderate constraint,Variable geotechnical properties,"Bedrock close to seabed surface can be difficult to pile - other foundation methods required. Carbonate rock (including chalk) can have highly variable geotechnical properties, from putty-like (soil) to strong bedrock

Cables must be surface-laid, increasing exposure to environmental and anthropogenic hazards. Sensitive benthic communities must be protected.","Mellett, C.L., Phillips, E., Lee, J.R., Cotterill, C.J., Tjelta, T.I., James, L. and Duffy, C., 2020. Elsterian ice?sheet retreat in the southern North Sea: antecedent controls on large?scale glaciotectonics and subglacial bed conditions. Boreas, 49(1), pp.129-151."
Bedrock outcrop/subcrop; sedimentary; clastic,Solid Earth,Lithology,A relief formed by bedrock of unspecified lithology and genesis cropping out of the surrounding seabed. Subcropping of bedrock can be common and covered by thin sediment covers in sediment starved shelves.,Higher Constraint,Higher Constraint,Lower Constraint,Higher Constraint,Strong bedrock ,"Bedrock close to seabed surface can be difficult to pile - other foundation methods required. 

Cables must be surface-laid, increasing exposure to environmental and anthropogenic hazards. Sensitive benthic communities must be protected.","Liingaard, M.A., Mygind, M., Thomas, S., Clare, M. and Pickles, A., 2012, September. Evidence of tertiary intrusive rock at the West of Duddon Sands Offshore Wind Farm. In SUT Offshore Site Investigation and Geotechnics (pp. SUT-OSIG). SUT.

Coughlan, M., Long, M. and Doherty, P., 2020. Geological and geotechnical constraints in the Irish Sea for offshore renewable energy. Journal of Maps, 16(2), pp.420-431.

Georgiopoulou, A., Lipp, P., Abel, L., O'Brien, J., Lauder, K., Searle, A., Finch, M. and Bagaria, P., 2023, September. A geological and geotechnical assessment of the UK and Irish Celtic Sea seabed for floating wind energy. In SUT Offshore Site Investigation and Geotechnics (pp. SUT-OSIG). SUT.

Kadivar, M., Ghasemi, P., Christopher, N., Maynard, A. and Barwise, A., 2024, April. Pile Drivability Assessment Through Rock Formations. In Offshore Technology Conference (p. D021S019R005). OTC."
Bedrock outcrop/subcrop; igneous,Solid Earth,Lithology,A relief formed by bedrock of unspecified lithology and genesis cropping out of the surrounding seabed. Subcropping of bedrock can be common and covered by thin sediment covers in sediment starved shelves.,Higher Constraint,Higher Constraint,Lower Constraint,Higher Constraint,Strong bedrock ,"Bedrock close to seabed surface can be difficult to pile - other foundation methods required. 

Cables must be surface-laid, increasing exposure to environmental and anthropogenic hazards. Sensitive benthic communities must be protected.","Coughlan, M., Long, M. and Doherty, P., 2020. Geological and geotechnical constraints in the Irish Sea for offshore renewable energy. Journal of Maps, 16(2), pp.420-431."
Bedrock outcrop/subcrop; metamorphic,Solid Earth,Lithology,A relief formed by bedrock of unspecified lithology and genesis cropping out of the surrounding seabed. Subcropping of bedrock can be common and covered by thin sediment covers in sediment starved shelves.,Higher Constraint,Higher Constraint,Lower Constraint,Higher Constraint,Strong bedrock ,"Bedrock close to seabed surface can be difficult to pile - other foundation methods required. 

Offshore the west coast of Scotland, palaeo-ice stream show the flow dirstion of ice and the formation of bedrock megagrooves at the seabed surface (Stoker and Bradwell, 2005). 

Cables must be surface-laid, increasing exposure to environmental and anthropogenic hazards. Sensitive benthic communities must be protected.","Stoker, M. and Bradwell, T., 2005. The Minch palaeo-ice stream, NW sector of the British–Irish Ice Sheet. Journal of the Geological Society, 162(3), pp.425-428.

Bradwell, T., Stoker, M. and Larter, R., 2007. Geomorphological signature and flow dynamics of The Minch palaeo?ice stream, northwest Scotland. Journal of Quaternary Science: Published for the Quaternary Research Association, 22(6), pp.609-617.

Dove, D., Arosio, R., Finlayson, A., Bradwell, T. and Howe, J.A., 2015. Submarine glacial landforms record Late Pleistocene ice-sheet dynamics, Inner Hebrides, Scotland. Quaternary Science Reviews, 123, pp.76-90.

Krabbendam, M., Eyles, N., Putkinen, N., Bradwell, T. and Arbelaez-Moreno, L., 2016. Streamlined hard beds formed by palaeo-ice streams: A review. Sedimentary Geology, 338, pp.24-50.

Krabbendam, M., Finlayson, A., Palamakumbura, R.N. and Hall, A., 2024. Quantifying the contribution of abrasion versus. block removal to subglacial erosion on basement rocks: very-high resolution DSM analysis Forsmark, east Sweden."
Fractured bed rock,Solid Earth,Structure,Bedrock of unspecified lithology and genesis that has multiple fractures or fracture networks causing discontinuities in the host rock that can be exploited by erosion.,Higher Constraint,Higher Constraint,Higher Constraint,Higher Constraint,Uneven ground,"Depending on the original porosity of the host bedrock, the secondary porosity is controlled by the density of the fracture or discontinuity network. Fractures and joints may act as conduits for surface and ground water increasing likelihood of weathering resulting in variable ground conditions. Cables must be surface-laid, increasing exposure to environmental and anthropogenic hazards.","Petrie, H.E., Eide, C.H., Haflidason, H., Brendryen, J. and Watton, T., 2024. An integrated geological characterization of the Mid?Pleistocene to Holocene geology of the Sørlige Nordsjø II offshore wind site, southern North Sea. Boreas.

Petrie, H.E., Eide, C.H., Haflidason, H. and Watton, T., 2022. A conceptual geological model for offshore wind sites in former ice stream settings: the Utsira Nord site, North Sea. Journal of the Geological Society, 179(5), pp.jgs2021-163."
Seamount,Solid Earth,Relief,"Any geographically isolated topographic unit on the seafloor taller than 1000 m. Most seamounts are formed by igneous activity close to mid-ocean ridges, island arcs, or in mid-plate settings, although blocks of continental crust, stranded during the opening of ocean basins, or at compressional settings, can form nonvolcanic seamounts (Harff et al., 2016; Harris and Baker, 2020). ",Higher Constraint,Higher Constraint,Higher Constraint,Higher Constraint,Volcano/>5 degree slope,"Unsuitable for all infrastructure types due to typically deep water settings, steep slopes, extremely strong lithologies, and associated hazards (e.g., seismic activity).","Bray, L., Reizopoulou, S., Voukouvalas, E., Soukissian, T., Alomar, C., Vázquez-Luis, M., Deudero, S., Attrill, M.J. and Hall-Spencer, J.M., 2016. Expected effects of offshore wind farms on Mediterranean marine life. Journal of Marine Science and Engineering, 4(1), p.18."
Volcano or volcanic feature,Solid Earth,Geohazard,"A mountain or hill, typically conical, having a crater or vent through which lava, rock fragments, hot vapour, and gas are or have been erupted from the earth's crust (modified after Huggett, 2017).",Higher Constraint,Higher Constraint,Higher Constraint,Higher Constraint,Volcano,"Unsuitable for all infrastructure types due to typically deep water settings, steep slopes, extremely strong lithologies, and associated hazards (e.g., seismic activity). Geohazard considered where dynamic geological event or process that is a risk to development. ","Ercilla, G., Casas, D., Alonso, B., Casalbore, D., Galindo-Zaldívar, J., García-Gil, S., Martorelli, E., Vázquez, J.T., Azpiroz-Zabala, M., DoCouto, D. and Estrada, F., 2021, May. Offshore geological hazards: charting the course of progress and future directions. In Oceans (Vol. 2, No. 2, pp. 393-428). MDPI."
Tectonic lineament (fault),Solid Earth,"Structure, Geohazard","A discrete surface, or zone of discrete surfaces, expressed as fractures at seabed, separating two rock masses across which one mass has slid past the other (Asch et al., 2021).",Higher Constraint,Higher Constraint,Higher Constraint,Higher Constraint,Faults / potential seismicity,"Unsuitable for all infrastructure types due to vertical and lateral variation, presence of bedrock (generally unfavourable) and associated hazards (e.g., seismic activity). Faults only considered geohazard if active. Geohazard considered where dynamic geological event or process that is a risk to development - e.g., pipeline rupture.","Ercilla, G., Casas, D., Alonso, B., Casalbore, D., Galindo-Zaldívar, J., García-Gil, S., Martorelli, E., Vázquez, J.T., Azpiroz-Zabala, M., DoCouto, D. and Estrada, F., 2021, May. Offshore geological hazards: charting the course of progress and future directions. In Oceans (Vol. 2, No. 2, pp. 393-428). MDPI.

Bhattacharya, S., Amani, S., Prabhakaran, A. and Macabuag, J., 2022. Hazard considerations in the vulnerability assessment of offshore wind farms in seismic zones. Earthquake Engineering and Resilience, 1(1), pp.88-109."
"Tectonic
escarpment",Solid Earth,Relief,"An escarpment that forms as a result of unspecified faulting activity (Huggett, 2017).",Higher Constraint,Higher Constraint,Higher Constraint,Higher Constraint,>5 degree slope,"Unsuitable for all infrastructure types due to typically steep slopes, strong lithologies, and associated hazards (e.g., seismic activity).","Micallef, A., Foglini, F., Le Bas, T., Angeletti, L., Maselli, V., Pasuto, A. and Taviani, M., 2013. The submerged paleolandscape of the Maltese Islands: Morphology, evolution and relation to Quaternary environmental change. Marine Geology, 335, pp.129-147."
Tectonic depression,Solid Earth,Relief,"A depression generated by an unspecified tectonic/structural process. Includes tectonic graben, basin, half graben, tectonic valley",Higher Constraint,Higher Constraint,Higher Constraint,Higher Constraint,>5 degree slope,Would have to be assessed on a site-by-site basis,
Depositional zone (aka. Accumulation zone; compressional domain) can include all mass movement (topple/fall/debris flows etc),Mass movement,"Lithology, relief","The most downslope zone of a mass movement, within which the displaced material lies above the original ground surface (modified from: Cruden, 1993). Its lower limit is set by the geometry of the TOE. The DEPOSITIONAL ZONE of SLIDES tends to be dominated by a compressional
regime (e.g. thrust and fold systems), whereas for FLOWS the material tends to disperse forming fans or aprons at the base of the slope.",Moderate constraint,Higher Constraint,Higher Constraint,Moderate constraint,Heterogeneous sediments,"In-situ MTDs (i.e., buried or at seabed surface, ancient) may be mapped in the subsurface and penetrated via CPTs to determine lithology

Present-day mass movement may cause impact damage to WTGs and cables (or lateral displacement inducing tensions or kinks).","Fisher, J.E., Esmailzadeh, S. and Fillingham, J.N., 2023, April. Geological and Geotechnical Considerations for Floating Offshore Wind Infrastructure within the US Atlantic OCS. In Offshore Technology Conference (p. D021S028R002). OTC."
Evacuation zone (aka. Headwall domain; depletion zone; extensional domain) can include all mass movement (topple/fall/debris flows etc),Mass movement,"Lithology, relief","The most upslope zone of a mass movement, within which the remobilized material lies below the original ground surface (modified from: Cruden, 1993). Its upper limit is set by the geometry of the HEAD SCARP and this zone is normally dominated by extension features such as Blocks or elongated Ridges (Nissen et al., 1999).",Higher Constraint,Higher Constraint,Higher Constraint,Higher Constraint,>5 degree slope,"In-situ headscarps (i.e., buried or at seabed surface, ancient) may be mapped in the subsurface and penetrated via CPTs to determine lithology of sediments infilling the headscarp.  

Present-day mass movement may cause impact damage to WTGs and cables (or lateral displacement inducing tensions or kinks).","Fisher, J.E., Esmailzadeh, S. and Fillingham, J.N., 2023, April. Geological and Geotechnical Considerations for Floating Offshore Wind Infrastructure within the US Atlantic OCS. In Offshore Technology Conference (p. D021S028R002). OTC."
Erratic blocks and rafts (non-glacial origin),Mass movement,"Lithology, relief","Large rock or boulder carried by rivers, lateral drift or gravity transport contrasting with the country rock that can be found from the shelf to the abyssal plains",Higher Constraint,Higher Constraint,Higher Constraint,Higher Constraint,Rafts or boulders,"In-situ MTDs (i.e., buried or at seabed surface, ancient) may be mapped in the subsurface and penetrated via CPTs to determine lithology.

Present-day mass movement may cause impact damage to WTGs and cables (or lateral displacement inducing tensions or kinks)","Fisher, J.E., Esmailzadeh, S. and Fillingham, J.N., 2023, April. Geological and Geotechnical Considerations for Floating Offshore Wind Infrastructure within the US Atlantic OCS. In Offshore Technology Conference (p. D021S028R002). OTC."
Submerged Carbonate karst,Karst,Lithology,"Submerged landscape where the dominant geomorphic process was dissolution of carbonate rocks; characterised by distinctive landforms, e.g. caves, CARBONATE DOLINES, underground drainage (modified after Field, 2002)",Higher Constraint,Higher Constraint,Higher Constraint,Higher Constraint,Uneven ground,Can pose a serious risk to the lives of those onboard the installation vessel. Can result in the complete loss of a foundation. Hard substrate so could cause abrasion of surface-laid cables and pipelines.,"Dusart, J., Tarits, P., Bazin, S., Isorna, R. and d'Eu, J.F., 2022. Marine karst environment characterization using joint geophysical and geotechnical data. Near Surface Geophysics, 20(4), pp.349-364."
Submerged salt karst,Karst,Lithology,"Submerged landscape where the dominant geomorphic process was dissolution of salt (halite); characterised by distinctive rough terrain and landforms, e.g. dolines (modified after Field, 2002).",Higher Constraint,Higher Constraint,Higher Constraint,Higher Constraint,Uneven ground,Can pose a serious risk to the lives of those onboard the installation vessel. Can result in the complete loss of a foundation. Hard substrate so could cause abrasion of surface-laid cables and pipelines.,"Duffy, O., Hudec, M., Peel, F., Apps, G., Bump, A., Moscardelli, L., Dooley, T., Fernandez, N., Bhattacharya, S., Wisian, K. and Shuster, M., 2023. The role of salt tectonics in the energy transition: An overview and future challenges. Tektonika, 1(1)."
Submerged sandstone karst,Karst,Lithology,"Submerged landscape where the dominant geomorphic processes were a combination of chemical weathering and other erosional processes of sandstone (quartz); characterised by distinctive rough terrain and landforms, e.g. ruiniform. ",Higher Constraint,Higher Constraint,Higher Constraint,Higher Constraint,Uneven ground,Can pose a serious risk to the lives of those onboard the installation vessel. Can result in the complete loss of a foundation. Hard substrate so could cause abrasion of surface-laid cables and pipelines.,"Dusart, J., Tarits, P., Bazin, S., Isorna, R. and d'Eu, J.F., 2022. Marine karst environment characterization using joint geophysical and geotechnical data. Near Surface Geophysics, 20(4), pp.349-364."
Mud volcano,Fluid flow ,"Geohazard, relief","A positive topographic unit, usually conical, formed by the periodic upwelling of sediments (mud) fluidised by gas and water (Etiope, 2015). It can develop as a single isolated cone (that can be several hundreds of meters high) or, more frequently, as groups of cones. ",Higher Constraint,Higher Constraint,Higher Constraint,Higher Constraint,Active fluid flow,Geohazard if active. Geohazard considered where dynamic geological event or process that is a risk to development. ,"Ercilla, G., Casas, D., Alonso, B., Casalbore, D., Galindo-Zaldívar, J., García-Gil, S., Martorelli, E., Vázquez, J.T., Azpiroz-Zabala, M., DoCouto, D. and Estrada, F., 2021, May. Offshore geological hazards: charting the course of progress and future directions. In Oceans (Vol. 2, No. 2, pp. 393-428). MDPI."
Pockmark (individually mapped),Fluid flow ,"Geohazard, relief","A concave crater-like Depression formed by gas and/or fluid expulsion, typically one to tens of meters in diameter but can be up to a few hundred meters wide (Hovland et al., 1987). Pockmarks tend to be characteristic V-shaped depressions, with circular, or elliptical geometry. However, they can also present a W-shaped profile or more complex geometries.",Higher Constraint,Higher Constraint,Higher Constraint,Higher Constraint,Active fluid flow,Individually mapped pockmarks. Pockmarks only considered geohazard if active. Geohazard considered where dynamic geological event or process that is a risk to development. ,"Coughlan, M., Roy, S., O'Sullivan, C., Clements, A., O'Toole, R., & Plets, R. (2021). Geological settings and controls of fluid migration and associated seafloor seepage features in the north Irish Sea. Marine and Petroleum Geology, 123, 104762."
Pockmark (field),Fluid flow ,"Geohazard, relief","A concave crater-like Depression formed by gas and/or fluid expulsion, typically one to tens of meters in diameter but can be up to a few hundred meters wide (Hovland et al., 1987). Pockmarks tend to be characteristic V-shaped depressions, with circular, or elliptical geometry. However, they can also present a W-shaped profile or more complex geometries.",Moderate constraint,Moderate constraint,Moderate constraint,Moderate constraint,Active fluid flow,Multiple pockmarks mapped over one area. This data entry indicates that individual pockmarks are not mapped - would require further investigation. Pockmarks only considered geohazard if active. Geohazard considered where dynamic geological event or process that is a risk to development. ,"Coughlan, M., Roy, S., O'Sullivan, C., Clements, A., O'Toole, R., & Plets, R. (2021). Geological settings and controls of fluid migration and associated seafloor seepage features in the north Irish Sea. Marine and Petroleum Geology, 123, 104762."
Hydrothermal vent,Fluid flow ,"Geohazard, relief","Fissures on the oceanic crust in volcanically active sites (e.g. mid-ocean ridges, back-arc spreading centres, and hot-spot or arc-related submarine volcanoes), from which geothermally heated water is released. Circulating seawater is heated by a heat source such as a magma chamber or
associated hot rock and, during heating and chemical reaction with the surrounding rock, undergoes a suite of chemical modifications (modified after Harff et al., 2016).",Higher Constraint,Higher Constraint,Higher Constraint,Higher Constraint,Active fluid flow,Not possible to develop on sites,"Aish, A., Ashworth, J., Barrio-Frojan, B., Benjamins, S., Bolam, S., Brazier, P., Brockington, S., Chaniotis, P., Clements, A., Coggan, R. and Coltman, N., 2010. Marine habitats. In UK Marine Monitoring and Assessment Strategy (2010) Charting Progress 2 Healthy and Biological Diverse Seas Feeder Report (pp. 68-271). Department for Environment Food and Rural Affairs."
Shallow gas ,Fluid flow ,Geohazard,"The presence of shallow biogenic or hydrocarbon-originated gas charged sediment. Any gas pocket encountered above the setting depth of the first pressure containment string, in a borehole (from Cook et al., 2022).",Higher Constraint,Higher Constraint,Higher Constraint,Higher Constraint,Active fluid flow,"Can lead to blowouts when drilling. Blowout Preventers (BOPs) are required for drilling in potentially gassy soils. Difficult to engineer around, avoidance is typically the main approach to de-risking developments in areas of gassy soils. Geohazard considered where dynamic geological event or process that is a risk to development. ","Mellett, C.L., Long, D. and Carter, G., 2015. Geology of the seabed and shallow subsurface: The Irish Sea.

Coughlan, M., Long, M. and Doherty, P., 2020. Geological and geotechnical constraints in the Irish Sea for offshore renewable energy. Journal of Maps, 16(2), pp.420-431."
"Outcropping
methane-derived
authigenic
carbonate (MDAC)",Fluid flow ,Lithology,"Exposed authigenic carbonate structures, mostly in the form of hardground with positive relief, associated with the seepage of methane rich fluids as a result of the anaerobic methane oxidation coupled with sulphate reduction by associations of archaea and bacteria (Hovland et al., 1987).",Moderate constraint,Higher Constraint,Moderate constraint,Moderate constraint,Hard substrate,Creates a hard surface that is recognised as a special habitat that must be preserved. Potential fluid flow to determine if current or past fluid flow.,"Capozzi, R., Guido, F.L., Oppo, D. and Gabbianelli, G., 2012. Methane-Derived Authigenic Carbonates (MDAC) in northern-central Adriatic Sea: Relationships between reservoir and methane seepages. Marine Geology, 332, pp.174-188."
"Reefs (ancient, buried and present day)",Biogenic,"Lithology, relief","In-situ, positive relief, persistent build-ups of primarily skeleton-supported framework (+ internal binding), that influence the local sedimentary environment (Klement, 1967), and supports (or supported) living communities during active accretion. Definition modified from a range of sources: (Cumings, 1932; Goudie, 2006; Harris and Baker, 2020; Klement, 1967; Lo Iacono et al., 2018). ",Higher Constraint,Higher Constraint,Higher Constraint,Moderate constraint,Active sedimentary system / hardground,"Kaskela, A. & Rinne, H. 2018: Vedenalaisten Natura-luontotyyppien mallinnus Suomen merialueella (In Finnish). Geological Survey of Finland, Research report 6/2018, 36 p.
Rinne, H., Kaskela, A., Downie, A.-L., Tolvanen, H., von Numers, M., Mattila, J., 2014. Predicting the occurrence of rocky reefs in a heterogeneous archipelago area with limited data. Estuar. Coast. Shelf Sci. 138, 90–100.","Pearce, B., Fariñas-Franco, J.M., Wilson, C., Pitts, J., deBurgh, A. and Somerfield, P.J., 2014. Repeated mapping of reefs constructed by Sabellaria spinulosa Leuckart 1849 at an offshore wind farm site. Continental Shelf Research, 83, pp.3-13.

Guinan, J., McKeon, C., O'Keeffe, E., Monteys, X., Sacchetti, F., Coughlan, M. and Nic Aonghusa, C., 2021. INFOMAR data supports offshore energy development and marine spatial planning in the Irish offshore via the EMODnet Geology portal. Quarterly Journal of Engineering Geology and Hydrogeology, 54(1), pp.qjegh2020-033."
Concretions ,Post-depositional,Lithology,"Concretions form nodular growths comprised of various minerals that form within the host rock and vary in size, shape, composition and distribution (Todd, 1902)",Moderate constraint,Higher Constraint,Higher Constraint,Moderate constraint,Boulders,"E.g., more than 10% of the Finnish marine areas (seabed) are covered by Ferromanganese concretions. They are often located on the sandy/silty seabed substrate, but subsurface sediment may also be fine, e.g. (glacial) clay (e.g., Finland).","Zhamoida, V., Grigoriev, A., Ryabchuk, D., Evdokimenko, A., Kotilainen, A.T., Vallius, H. and Kaskela, A.M., 2017. Ferromanganese concretions of the eastern Gulf of Finland–Environmental role and effects of submarine mining. Journal of marine systems, 172, pp.178-187."
Submerged salt or shale domes/diapir,Post-depositional,"Lithology, relief","Submerged positive feature sitting on top of a salt diapir (halokinetic structure) of regular or irregular plan view shape usually covered by a relatively thick pile of sediment cover that can be unstable due to khalokinetic dynamics (dissolution, flow or uplift). They can be common in continental passive margins or in accretionary wedges. A distinct elevation, often with a rounded profile, one km or more in diameter that is
the geomorphologic expression of a diapir formed by vertical intrusion of salt. Commonly found in a PROVINCE of similar features.",Moderate constraint,Moderate constraint,Moderate constraint,Moderate constraint,Uneven ground,"Salt flowage seems to be one of the main mechanisms leading to folding and faulting of the late Miocene through Quaternary in Deep Algarve, Doñana, Cadiz and Sanlucar basins (Hernández-Molina et al., 2016)","Lopes, F.C., Cunha, P.P. and Le Gall, B., 2006. Cenozoic seismic stratigraphy and tectonic evolution of the Algarve margin (offshore Portugal, southwestern Iberian Peninsula). Marine Geology, 231(1-4), pp.1-36.

Hernández-Molina, F.J., Sierro, F.J., Llave, E., Roque, C., Stow, D.A.V., Williams, T., Lofi, J., Van der Schee, M., Arnáiz, A., Ledesma, S. and Rosales, C., 2016. Evolution of the gulf of Cadiz margin and southwest Portugal contourite depositional system: Tectonic, sedimentary and paleoceanographic implications from IODP expedition 339. Marine Geology, 377, pp.7-39.

Duffy, O., Hudec, M., Peel, F., Apps, G., Bump, A., Moscardelli, L., Dooley, T., Fernandez, N., Bhattacharya, S., Wisian, K. and Shuster, M., 2023. The role of salt tectonics in the energy transition: An overview and future challenges. Tektonika, 1(1)."
Clay Tectonics (polygonal fracture networks and folded layers/diapirs),Post-depositional,Structure and Geohazard,"Layer-bound arrays of normal faults confined to specific stratigraphic intervals called 'tiers' and typically hosted in fine-grained sediments. These include large-scale polygonal fracture networks and various other deformations (folded layers, diapirs, etc.).",Higher Constraint,Moderate constraint,Moderate constraint,Moderate constraint,Unknown - potential conduit for fluids?,"Ongoing research regarding polygonal faulting - e.g., VLAIO funding ongoing in clay tectonics https://research.ugent.be/web/result/project/8180a538-a0fb-44f0-ab27-e414f933ece8/details/en and https://www.bluecluster.be/projects/clay-tectonics","Verschuren, M., 2019. Outcrop evidence of polygonal faulting in Ypresian marine clays (Southern North Sea Basin) leads to a new synthesis. Marine Geology, 413, pp.85-98."
